"nombre","url"
"09NC39TV01.jpg","www.mc30.es/components/com_hotspots/datos/imagenes_camaras/09NC39TV01.jpg"
"15RR64TV01.jpg","www.mc30.es/components/com_hotspots/datos/imagenes_camaras/15RR64TV01.jpg"
"13NL35TV01.jpg","www.mc30.es/components/com_hotspots/datos/imagenes_camaras/13NL35TV01.jpg"
"04FT92TV01.jpg","www.mc30.es/components/com_hotspots/datos/imagenes_camaras/04FT92TV01.jpg"
"18XC87TV01.jpg","www.mc30.es/components/com_hotspots/datos/imagenes_camaras/18XC87TV01.jpg"
"03FL62TV01.jpg","www.mc30.es/components/com_hotspots/datos/imagenes_camaras/03FL62TV01.jpg"
"03TL00TV01.jpg","www.mc30.es/components/com_hotspots/datos/imagenes_camaras/03TL00TV01.jpg"
"11RE06TV01.jpg","www.mc30.es/components/com_hotspots/datos/imagenes_camaras/11RE06TV01.jpg"
"14RH21TV01.jpg","www.mc30.es/components/com_hotspots/datos/imagenes_camaras/14RH21TV01.jpg"
"15RR64TV01.jpg","www.mc30.es/components/com_hotspots/datos/imagenes_camaras/15RR64TV01.jpg"
"17RA04TV01.jpg","www.mc30.es/components/com_hotspots/datos/imagenes_camaras/17RA04TV01.jpg"
"18NC86TV01.jpg","www.mc30.es/components/com_hotspots/datos/imagenes_camaras/18NC86TV01.jpg"
"90EL10TV01.jpg","www.mc30.es/components/com_hotspots/datos/imagenes_camaras/90EL10TV01.jpg"
"90ET20TV01.jpg","www.mc30.es/components/com_hotspots/datos/imagenes_camaras/90ET20TV01.jpg"
"M30-PK10+900C(M.ALVARO).jpg","www.mc30.es/components/com_hotspots/datos/imagenes_camaras/M30-PK10+900C(M.ALVARO).jpg"
"M30-PK12+500C(NUDOSUR).jpg","www.mc30.es/components/com_hotspots/datos/imagenes_camaras/M30-PK12+500C(NUDOSUR).jpg"
"M30-PK12+500C(NUDOSUR-A4).jpg","www.mc30.es/components/com_hotspots/datos/imagenes_camaras/M30-PK12+500C(NUDOSUR-A4).jpg"
"M30-PK09+100CDAIAVMEDIT..jpg","www.mc30.es/components/com_hotspots/datos/imagenes_camaras/M30-PK09+100CDAIAVMEDIT..jpg"
"M30-PK07+600D(ODONNELL).jpg","www.mc30.es/components/com_hotspots/datos/imagenes_camaras/M30-PK07+600D(ODONNELL).jpg"
"M30-PK01+500C(PIOXII).jpg","www.mc30.es/components/com_hotspots/datos/imagenes_camaras/M30-PK01+500C(PIOXII).jpg"
"M30-PK02+900X(COSTARICA).jpg","www.mc30.es/components/com_hotspots/datos/imagenes_camaras/M30-PK02+900X(COSTARICA).jpg"
"M30-PK00+900C.jpg","www.mc30.es/components/com_hotspots/datos/imagenes_camaras/M30-PK00+900C.jpg"
"M30-PK31+700C.jpg","www.mc30.es/components/com_hotspots/datos/imagenes_camaras/M30-PK31+700C.jpg"
"M30-PK29+800C(R.ACADEM.).jpg","www.mc30.es/components/com_hotspots/datos/imagenes_camaras/M30-PK29+800C(R.ACADEM.).jpg"
"M30-PK25+000C(NUDOM-40).jpg","www.mc30.es/components/com_hotspots/datos/imagenes_camaras/M30-PK25+000C(NUDOM-40).jpg"
"M30-PK24+800D(ARR.FRESNO).jpg","www.mc30.es/components/com_hotspots/datos/imagenes_camaras/M30-PK24+800D(ARR.FRESNO).jpg"
"M30-PK22+400D(VETERINARIA).jpg","www.mc30.es/components/com_hotspots/datos/imagenes_camaras/M30-PK22+400D(VETERINARIA).jpg"
"M30-PK19+700D(MONISTROL).jpg","www.mc30.es/components/com_hotspots/datos/imagenes_camaras/M30-PK19+700D(MONISTROL).jpg"
"M30-PK20+700D(P.FRANCESES).jpg","www.mc30.es/components/com_hotspots/datos/imagenes_camaras/M30-PK20+700D(P.FRANCESES).jpg"
"M30-PK16+000C(CALDERON).jpg","www.mc30.es/components/com_hotspots/datos/imagenes_camaras/M30-PK16+000C(CALDERON).jpg"
"M30-PK10+000C.jpg","www.mc30.es/components/com_hotspots/datos/imagenes_camaras/M30-PK10+000C.jpg"
"M30-PK09+800D(A3).jpg","www.mc30.es/components/com_hotspots/datos/imagenes_camaras/M30-PK09+800D(A3).jpg"
"M30-PK08+000D(DAI).jpg","www.mc30.es/components/com_hotspots/datos/imagenes_camaras/M30-PK08+000D(DAI).jpg"
"M30-PK04+700D(AVAMERICA).jpg","www.mc30.es/components/com_hotspots/datos/imagenes_camaras/M30-PK04+700D(AVAMERICA).jpg"
"M30-PK06+000D(ALCALA).jpg","www.mc30.es/components/com_hotspots/datos/imagenes_camaras/M30-PK06+000D(ALCALA).jpg"
"M30-PK00+000C(MANOTERAS).jpg","www.mc30.es/components/com_hotspots/datos/imagenes_camaras/M30-PK00+000C(MANOTERAS).jpg"
"M30-PK30+500C(M607).jpg","www.mc30.es/components/com_hotspots/datos/imagenes_camaras/M30-PK30+500C(M607).jpg"
